timestamp,task,category,config,rep,pass,cost_usd,duration_s,num_turns,asked_question
2026-06-10T22:06:37Z,bugfix-cache-ttl,bugfix,fable,1,1,1.2177969999999998,61,9,0
2026-06-10T22:08:04Z,bugfix-cache-ttl,bugfix,fable,2,1,1.309969,87,10,0
2026-06-10T22:09:16Z,bugfix-cache-ttl,bugfix,fable,3,1,1.2123320000000002,70,9,0
2026-06-10T22:10:23Z,bugfix-csv-quoting,bugfix,fable,1,1,1.181713,66,9,0
2026-06-11T03:34:55Z,bugfix-csv-quoting,bugfix,fable,2,1,1.776153,66,9,0
2026-06-11T03:36:06Z,bugfix-csv-quoting,bugfix,fable,3,1,1.208643,70,9,0
2026-06-11T03:37:39Z,bugfix-date-rollover,bugfix,fable,1,1,1.328705,93,10,0
2026-06-11T03:39:14Z,bugfix-date-rollover,bugfix,fable,2,1,1.3630100000000003,94,10,0
2026-06-11T03:40:44Z,bugfix-date-rollover,bugfix,fable,3,1,1.3563450000000001,90,11,0
2026-06-11T03:41:58Z,bugfix-rate-limiter,bugfix,fable,1,1,1.1780399999999998,74,9,0
2026-06-11T03:43:27Z,bugfix-rate-limiter,bugfix,fable,2,1,1.295455,89,11,0
2026-06-11T03:44:45Z,bugfix-rate-limiter,bugfix,fable,3,1,1.215558,78,9,0
2026-06-11T03:46:21Z,feature-config-merge,feature,fable,1,1,1.4146370000000001,96,11,0
2026-06-11T03:47:35Z,feature-config-merge,feature,fable,2,1,1.2243020000000002,74,10,0
2026-06-11T03:49:01Z,feature-config-merge,feature,fable,3,1,1.3489240000000002,85,10,0
2026-06-11T03:50:39Z,feature-pagination,feature,fable,1,1,1.567399,98,10,0
2026-06-11T03:52:22Z,feature-pagination,feature,fable,2,1,1.453585,103,11,0
2026-06-11T03:54:04Z,feature-pagination,feature,fable,3,1,1.4830250000000003,102,12,0
2026-06-11T03:56:01Z,feature-retry-backoff,feature,fable,1,1,1.42207,117,11,0
2026-06-11T03:57:25Z,feature-retry-backoff,feature,fable,2,1,1.2768030000000001,84,10,0
2026-06-11T03:58:52Z,feature-retry-backoff,feature,fable,3,1,1.3435829999999997,86,10,0
2026-06-11T04:01:02Z,feature-slugify,feature,fable,1,1,1.5869900000000001,129,11,0
2026-06-11T04:03:00Z,feature-slugify,feature,fable,2,1,1.424935,118,10,0
2026-06-11T04:05:14Z,feature-slugify,feature,fable,3,1,1.6754200000000001,134,11,0
2026-06-11T04:06:52Z,longhorizon-migration,longhorizon,fable,1,1,1.549151,98,17,0
2026-06-11T04:08:54Z,longhorizon-migration,longhorizon,fable,2,1,1.3827999999999996,122,15,0
2026-06-11T04:11:12Z,longhorizon-migration,longhorizon,fable,3,1,1.823368,137,19,0
2026-06-11T04:13:41Z,longhorizon-pipeline,longhorizon,fable,1,1,2.18744,149,19,0
2026-06-11T04:16:32Z,longhorizon-pipeline,longhorizon,fable,2,1,2.165011,171,21,0
2026-06-11T04:18:59Z,longhorizon-pipeline,longhorizon,fable,3,1,2.263791,146,19,0
2026-06-11T04:19:43Z,refactor-dedupe-handlers,refactor,fable,1,1,0.8475059999999999,44,5,0
2026-06-11T04:21:14Z,refactor-dedupe-handlers,refactor,fable,2,1,0.850438,89,5,0
2026-06-11T04:21:53Z,refactor-dedupe-handlers,refactor,fable,3,1,0.8317410000000001,39,5,0
2026-06-11T08:28:15Z,refactor-extract-storage,refactor,fable,1,1,0.998576,61,7,0
2026-06-11T08:29:05Z,refactor-extract-storage,refactor,fable,2,1,0.93616,49,7,0
2026-06-11T08:30:01Z,refactor-extract-storage,refactor,fable,3,1,0.98173,56,7,0
2026-06-11T08:31:11Z,bugfix-cache-ttl,bugfix,bare,1,1,0.8476890000000001,70,10,0
2026-06-11T08:32:42Z,bugfix-cache-ttl,bugfix,bare,2,1,0.723191,91,11,0
2026-06-11T08:33:48Z,bugfix-cache-ttl,bugfix,bare,3,1,0.6715779999999999,66,11,0
2026-06-11T08:34:31Z,bugfix-csv-quoting,bugfix,bare,1,1,0.485055,43,7,0
2026-06-11T08:35:10Z,bugfix-csv-quoting,bugfix,bare,2,1,0.45177849999999997,39,6,0
2026-06-11T08:35:49Z,bugfix-csv-quoting,bugfix,bare,3,1,0.41001200000000004,39,6,0
2026-06-11T08:37:05Z,bugfix-date-rollover,bugfix,bare,1,1,0.724342,76,11,0
2026-06-11T08:38:33Z,bugfix-date-rollover,bugfix,bare,2,1,0.7274685000000001,87,11,0
2026-06-11T08:39:57Z,bugfix-date-rollover,bugfix,bare,3,1,0.651237,84,10,0
2026-06-11T08:41:10Z,bugfix-rate-limiter,bugfix,bare,1,1,0.606688,73,11,0
2026-06-11T08:42:27Z,bugfix-rate-limiter,bugfix,bare,2,1,0.6914789999999998,76,11,0
2026-06-11T08:43:30Z,bugfix-rate-limiter,bugfix,bare,3,1,0.577715,63,10,0
2026-06-11T08:44:29Z,feature-config-merge,feature,bare,1,1,0.6698330000000001,59,11,0
2026-06-11T08:45:35Z,feature-config-merge,feature,bare,2,1,0.6694925,66,10,0
2026-06-11T08:46:49Z,feature-config-merge,feature,bare,3,1,0.5967,73,9,0
2026-06-11T08:48:31Z,feature-pagination,feature,bare,1,1,0.7200515,102,10,0
2026-06-11T08:51:00Z,feature-pagination,feature,bare,2,1,0.8985124999999999,149,13,0
2026-06-11T08:53:45Z,feature-pagination,feature,bare,3,1,1.056472,165,15,0
2026-06-11T08:54:59Z,feature-retry-backoff,feature,bare,1,1,0.6625945,73,10,0
2026-06-11T08:56:03Z,feature-retry-backoff,feature,bare,2,1,0.636546,64,10,0
2026-06-11T08:57:15Z,feature-retry-backoff,feature,bare,3,1,0.7382225000000001,72,13,0
2026-06-11T08:59:19Z,feature-slugify,feature,bare,1,1,1.060172,124,13,0
2026-06-11T09:00:46Z,feature-slugify,feature,bare,2,1,0.6063225,87,6,0
2026-06-11T09:02:38Z,feature-slugify,feature,bare,3,1,0.7863650000000001,112,10,0
2026-06-11T09:03:51Z,longhorizon-migration,longhorizon,bare,1,1,0.6779525000000001,73,15,0
2026-06-11T09:05:06Z,longhorizon-migration,longhorizon,bare,2,1,0.7175765,75,16,0
2026-06-11T09:06:03Z,longhorizon-migration,longhorizon,bare,3,1,0.5508935,57,14,0
2026-06-11T09:07:55Z,longhorizon-pipeline,longhorizon,bare,1,1,0.6201315,112,8,0
2026-06-11T09:09:39Z,longhorizon-pipeline,longhorizon,bare,2,1,0.898511,104,12,0
2026-06-11T09:11:06Z,longhorizon-pipeline,longhorizon,bare,3,1,0.7659695,87,12,0
2026-06-11T09:11:51Z,refactor-dedupe-handlers,refactor,bare,1,1,0.5114540000000001,45,7,0
2026-06-11T09:12:20Z,refactor-dedupe-handlers,refactor,bare,2,1,0.399363,29,4,0
2026-06-11T09:13:04Z,refactor-dedupe-handlers,refactor,bare,3,1,0.5135445,44,7,0
2026-06-11T09:14:05Z,refactor-extract-storage,refactor,bare,1,1,0.597072,61,11,0
2026-06-11T09:14:57Z,refactor-extract-storage,refactor,bare,2,1,0.50086,52,10,0
2026-06-11T09:15:58Z,refactor-extract-storage,refactor,bare,3,1,0.5088725000000001,61,8,0
2026-06-11T09:17:19Z,bugfix-cache-ttl,bugfix,plugin,1,1,0.8449515000000001,58,10,0
2026-06-11T09:18:35Z,bugfix-cache-ttl,bugfix,plugin,2,1,0.6552775,75,10,0
2026-06-11T09:19:42Z,bugfix-cache-ttl,bugfix,plugin,3,1,0.6449324999999999,67,10,0
2026-06-11T09:20:15Z,bugfix-csv-quoting,bugfix,plugin,1,1,0.4209795,33,6,0
2026-06-11T09:20:46Z,bugfix-csv-quoting,bugfix,plugin,2,1,0.42111,31,6,0
2026-06-11T09:21:16Z,bugfix-csv-quoting,bugfix,plugin,3,1,0.412475,29,5,0
2026-06-11T09:21:53Z,bugfix-date-rollover,bugfix,plugin,1,1,0.437952,37,6,0
2026-06-11T09:22:27Z,bugfix-date-rollover,bugfix,plugin,2,1,0.423849,34,5,0
2026-06-11T09:23:36Z,bugfix-date-rollover,bugfix,plugin,3,1,0.6459489999999999,69,9,0
2026-06-11T09:24:36Z,bugfix-rate-limiter,bugfix,plugin,1,1,0.607606,59,9,0
2026-06-11T09:25:23Z,bugfix-rate-limiter,bugfix,plugin,2,1,0.5165585,47,8,0
2026-06-11T09:26:28Z,bugfix-rate-limiter,bugfix,plugin,3,1,0.608643,64,10,0
2026-06-11T09:27:18Z,feature-config-merge,feature,plugin,1,1,0.5332975,50,7,0
2026-06-11T09:28:11Z,feature-config-merge,feature,plugin,2,1,0.544617,53,7,0
2026-06-11T09:29:12Z,feature-config-merge,feature,plugin,3,1,0.5543885000000001,60,7,0
2026-06-11T09:30:27Z,feature-pagination,feature,plugin,1,1,0.58234,75,9,0
2026-06-11T09:31:40Z,feature-pagination,feature,plugin,2,1,0.5932149999999999,73,8,0
2026-06-11T09:33:12Z,feature-pagination,feature,plugin,3,1,0.7089374999999999,92,9,0
2026-06-11T09:34:07Z,feature-retry-backoff,feature,plugin,1,1,0.5985300000000001,55,9,0
2026-06-11T09:35:03Z,feature-retry-backoff,feature,plugin,2,1,0.5620505,55,8,0
2026-06-11T09:35:44Z,feature-retry-backoff,feature,plugin,3,1,0.5126895,41,6,0
2026-06-11T09:37:30Z,feature-slugify,feature,plugin,1,1,0.6888645,106,6,0
2026-06-11T09:39:06Z,feature-slugify,feature,plugin,2,1,0.6989785000000001,96,8,0
2026-06-11T09:40:22Z,feature-slugify,feature,plugin,3,1,0.6187535,75,7,0
2026-06-11T09:41:03Z,longhorizon-migration,longhorizon,plugin,1,1,0.49189750000000004,40,13,0
2026-06-11T09:41:46Z,longhorizon-migration,longhorizon,plugin,2,1,0.509991,43,8,0
2026-06-11T09:42:37Z,longhorizon-migration,longhorizon,plugin,3,1,0.5318430000000001,51,13,0
2026-06-11T09:43:43Z,longhorizon-pipeline,longhorizon,plugin,1,1,0.5475334999999999,66,6,0
2026-06-11T09:45:09Z,longhorizon-pipeline,longhorizon,plugin,2,1,0.8955755,85,11,0
2026-06-11T09:46:12Z,longhorizon-pipeline,longhorizon,plugin,3,1,0.614144,63,7,0
2026-06-11T09:46:49Z,refactor-dedupe-handlers,refactor,plugin,1,1,0.4785114999999999,37,6,0
2026-06-11T09:47:15Z,refactor-dedupe-handlers,refactor,plugin,2,1,0.4085255,25,5,0
2026-06-11T09:48:18Z,refactor-dedupe-handlers,refactor,plugin,3,1,0.5301655,63,7,0
2026-06-11T09:49:18Z,refactor-extract-storage,refactor,plugin,1,1,0.5602219999999999,60,10,0
2026-06-11T09:50:07Z,refactor-extract-storage,refactor,plugin,2,1,0.5429645000000001,49,9,0
2026-06-11T09:50:57Z,refactor-extract-storage,refactor,plugin,3,1,0.5226989999999999,50,9,0
2026-06-11T10:59:16Z,hard-discount-engine,hard,fable,1,1,3.3805990000000006,278,12,0
2026-06-11T11:04:34Z,hard-discount-engine,hard,fable,2,1,3.065022,317,11,0
2026-06-11T11:09:17Z,hard-discount-engine,hard,fable,3,1,2.912611,283,13,0
2026-06-11T11:12:53Z,hard-mini-interpreter,hard,fable,1,1,2.3277120000000004,214,12,0
2026-06-11T11:16:31Z,hard-mini-interpreter,hard,fable,2,1,2.4684520000000005,218,16,0
2026-06-11T11:19:56Z,hard-mini-interpreter,hard,fable,3,1,2.174888,204,11,0
2026-06-11T11:20:44Z,hard-regression-minefield,hard,fable,1,1,0.9486479999999999,48,10,0
2026-06-11T11:21:41Z,hard-regression-minefield,hard,fable,2,1,0.955563,56,10,0
2026-06-11T11:22:28Z,hard-regression-minefield,hard,fable,3,1,0.9525150000000001,46,10,0
2026-06-11T11:27:52Z,hard-discount-engine,hard,bare,1,1,1.9440034999999998,323,13,0
2026-06-11T11:32:44Z,hard-discount-engine,hard,bare,2,1,1.5468455,292,14,0
2026-06-11T11:37:53Z,hard-discount-engine,hard,bare,3,1,1.5590765,309,12,0
2026-06-11T11:41:11Z,hard-mini-interpreter,hard,bare,1,1,1.2264705,198,14,0
2026-06-11T11:44:02Z,hard-mini-interpreter,hard,bare,2,1,1.0708615000000001,170,11,0
2026-06-11T11:47:23Z,hard-mini-interpreter,hard,bare,3,1,1.3022940000000003,201,17,0
2026-06-11T11:48:09Z,hard-regression-minefield,hard,bare,1,1,0.5184055000000001,45,11,0
2026-06-11T11:48:54Z,hard-regression-minefield,hard,bare,2,1,0.49531549999999996,45,10,0
2026-06-11T11:49:38Z,hard-regression-minefield,hard,bare,3,1,0.464145,44,10,0
2026-06-11T13:17:13Z,hard-discount-engine,hard,plugin,1,1,1.606044,347,10,0
2026-06-11T13:21:50Z,hard-discount-engine,hard,plugin,2,1,1.332713,276,10,0
2026-06-11T13:26:24Z,hard-discount-engine,hard,plugin,3,1,1.343304,274,9,0
2026-06-11T13:29:27Z,hard-mini-interpreter,hard,plugin,1,1,1.0727840000000002,183,11,0
2026-06-11T13:32:05Z,hard-mini-interpreter,hard,plugin,2,1,0.998772,157,11,0
2026-06-11T13:35:41Z,hard-mini-interpreter,hard,plugin,3,1,1.166854,215,11,0
2026-06-11T13:36:50Z,hard-regression-minefield,hard,plugin,1,1,0.6082855,68,12,0
2026-06-11T13:37:33Z,hard-regression-minefield,hard,plugin,2,1,0.47749699999999995,43,10,0
2026-06-11T13:38:42Z,hard-regression-minefield,hard,plugin,3,1,0.6186840000000001,69,12,0
2026-06-11T13:41:52Z,continuity-drift-investigation,continuity,fable,1,1,3.19358,165,29,0
2026-06-11T13:45:10Z,continuity-drift-investigation,continuity,fable,2,1,2.89521,198,31,0
2026-06-11T13:48:20Z,continuity-drift-investigation,continuity,fable,3,1,2.88852,190,32,0
2026-06-11T13:54:10Z,continuity-staged-build,continuity,fable,1,1,4.42541,349,30,0
2026-06-11T14:01:16Z,continuity-staged-build,continuity,fable,2,1,5.18067,425,37,0
2026-06-11T14:06:48Z,continuity-staged-build,continuity,fable,3,1,4.22657,332,28,0
2026-06-11T14:09:45Z,continuity-drift-investigation,continuity,bare,1,1,1.79079,176,32,0
2026-06-11T14:12:29Z,continuity-drift-investigation,continuity,bare,2,1,1.32778,164,32,0
2026-06-11T14:15:57Z,continuity-drift-investigation,continuity,bare,3,1,2.13923,207,44,0
2026-06-11T14:21:11Z,continuity-staged-build,continuity,bare,1,1,2.27128,314,27,0
2026-06-11T14:26:21Z,continuity-staged-build,continuity,bare,2,1,2.03473,310,25,0
2026-06-11T14:31:01Z,continuity-staged-build,continuity,bare,3,1,1.93603,280,24,0
2026-06-11T14:33:34Z,continuity-drift-investigation,continuity,plugin,1,1,1.49497,153,31,0
2026-06-11T14:35:23Z,continuity-drift-investigation,continuity,plugin,2,1,1.26168,109,28,0
2026-06-11T14:37:23Z,continuity-drift-investigation,continuity,plugin,3,1,1.19067,120,27,0
2026-06-11T14:42:29Z,continuity-staged-build,continuity,plugin,1,1,2.07501,306,24,0
2026-06-11T14:46:11Z,continuity-staged-build,continuity,plugin,2,1,1.61416,222,22,0
2026-06-11T14:50:36Z,continuity-staged-build,continuity,plugin,3,1,1.89448,265,19,0
2026-06-11T23:36:24Z,bugfix-cache-ttl,bugfix,sonnet,1,1,0.37115999999999993,60,7,0
2026-06-11T23:37:14Z,bugfix-cache-ttl,bugfix,sonnet,2,1,0.21250139999999995,50,7,0
2026-06-11T23:37:41Z,bugfix-cache-ttl,bugfix,sonnet,3,1,0.1705299,27,6,0
2026-06-11T23:38:30Z,bugfix-csv-quoting,bugfix,sonnet,1,1,0.24072179999999999,49,8,0
2026-06-11T23:39:04Z,bugfix-csv-quoting,bugfix,sonnet,2,1,0.1891506,32,7,0
2026-06-11T23:40:12Z,bugfix-csv-quoting,bugfix,sonnet,3,1,0.325599,68,11,0
2026-06-11T23:41:19Z,bugfix-date-rollover,bugfix,sonnet,1,1,0.2825148,67,9,0
2026-06-11T23:42:40Z,bugfix-date-rollover,bugfix,sonnet,2,1,0.3159873,81,10,0
2026-06-11T23:43:25Z,bugfix-date-rollover,bugfix,sonnet,3,1,0.24204719999999996,45,8,0
2026-06-11T23:44:42Z,bugfix-rate-limiter,bugfix,sonnet,1,1,0.27881999999999996,77,9,0
2026-06-11T23:45:36Z,bugfix-rate-limiter,bugfix,sonnet,2,1,0.22415279999999999,53,7,0
2026-06-11T23:46:50Z,bugfix-rate-limiter,bugfix,sonnet,3,1,0.27659340000000004,74,9,0
2026-06-11T23:49:12Z,continuity-drift-investigation,continuity,sonnet,1,1,0.621817,140,29,0
2026-06-11T23:51:26Z,continuity-drift-investigation,continuity,sonnet,2,1,0.630941,134,30,0
2026-06-11T23:54:12Z,continuity-drift-investigation,continuity,sonnet,3,1,0.687008,165,29,0
2026-06-11T23:59:46Z,continuity-staged-build,continuity,sonnet,1,1,1.04335,334,26,0
2026-06-12T00:03:33Z,continuity-staged-build,continuity,sonnet,2,1,0.93679,227,29,0
2026-06-12T00:08:01Z,continuity-staged-build,continuity,sonnet,3,1,0.802567,268,20,0
2026-06-12T00:09:00Z,feature-config-merge,feature,sonnet,1,1,0.26008620000000005,59,8,0
2026-06-12T00:10:10Z,feature-config-merge,feature,sonnet,2,1,0.3170318999999999,70,11,0
2026-06-12T00:11:03Z,feature-config-merge,feature,sonnet,3,1,0.2598852,52,8,0
2026-06-12T00:12:24Z,feature-pagination,feature,sonnet,1,1,0.2976606,81,9,0
2026-06-12T00:13:36Z,feature-pagination,feature,sonnet,2,1,0.29228250000000006,71,9,0
2026-06-12T00:14:53Z,feature-pagination,feature,sonnet,3,1,0.2856813,77,9,0
2026-06-12T00:16:00Z,feature-retry-backoff,feature,sonnet,1,1,0.38001569999999996,65,13,0
2026-06-12T00:17:25Z,feature-retry-backoff,feature,sonnet,2,1,0.3129048,85,8,0
2026-06-12T00:18:28Z,feature-retry-backoff,feature,sonnet,3,1,0.2951013,63,11,0
2026-06-12T00:20:34Z,feature-slugify,feature,sonnet,1,1,0.45248130000000003,126,15,0
2026-06-12T00:22:23Z,feature-slugify,feature,sonnet,2,1,0.3734247,109,10,0
2026-06-12T00:25:12Z,feature-slugify,feature,sonnet,3,1,0.4978194,169,13,0
2026-06-12T00:32:09Z,hard-discount-engine,hard,sonnet,1,1,0.9031035000000001,417,11,0
2026-06-12T00:39:35Z,hard-discount-engine,hard,sonnet,2,1,0.9155619000000002,445,10,0
2026-06-12T00:51:10Z,hard-discount-engine,hard,sonnet,3,1,1.1834208000000002,695,13,0
2026-06-12T00:55:50Z,hard-mini-interpreter,hard,sonnet,1,1,0.6634707,280,8,0
2026-06-12T01:00:59Z,hard-mini-interpreter,hard,sonnet,2,1,0.7258959,309,8,0
2026-06-12T01:06:33Z,hard-mini-interpreter,hard,sonnet,3,1,0.6853464,333,7,0
2026-06-12T01:07:32Z,hard-regression-minefield,hard,sonnet,1,1,0.2678178,59,11,0
2026-06-12T01:08:30Z,hard-regression-minefield,hard,sonnet,2,1,0.2616342,58,11,0
2026-06-12T01:09:22Z,hard-regression-minefield,hard,sonnet,3,1,0.2565684,51,11,0
2026-06-12T01:11:12Z,longhorizon-migration,longhorizon,sonnet,1,1,0.5981468999999999,110,26,0
2026-06-12T01:12:12Z,longhorizon-migration,longhorizon,sonnet,2,1,0.3076382999999999,60,15,0
2026-06-12T01:13:49Z,longhorizon-migration,longhorizon,sonnet,3,1,0.5634398999999999,96,24,0
2026-06-12T01:14:37Z,longhorizon-pipeline,longhorizon,sonnet,1,1,0.20486310000000002,48,6,0
2026-06-12T01:15:26Z,longhorizon-pipeline,longhorizon,sonnet,2,1,0.2114037,48,7,0
2026-06-12T01:16:24Z,longhorizon-pipeline,longhorizon,sonnet,3,1,0.2078631,58,6,0
2026-06-12T01:16:51Z,refactor-dedupe-handlers,refactor,sonnet,1,1,0.17584049999999998,27,6,0
2026-06-12T01:17:31Z,refactor-dedupe-handlers,refactor,sonnet,2,1,0.21330539999999998,39,7,0
2026-06-12T01:18:02Z,refactor-dedupe-handlers,refactor,sonnet,3,1,0.18086280000000002,30,6,0
2026-06-12T01:18:42Z,refactor-extract-storage,refactor,sonnet,1,1,0.21983909999999998,40,8,0
2026-06-12T01:19:36Z,refactor-extract-storage,refactor,sonnet,2,1,0.24761189999999997,54,8,0
2026-06-12T01:20:25Z,refactor-extract-storage,refactor,sonnet,3,1,0.2179332,49,8,0
2026-06-12T01:21:27Z,bugfix-cache-ttl,bugfix,haiku,1,1,0.20505729999999991,61,16,0
2026-06-12T01:21:54Z,bugfix-cache-ttl,bugfix,haiku,2,1,0.10170069999999999,27,10,0
2026-06-12T01:22:38Z,bugfix-cache-ttl,bugfix,haiku,3,1,0.13652009999999998,44,13,0
2026-06-12T01:23:41Z,bugfix-csv-quoting,bugfix,haiku,1,1,0.14710859999999998,63,16,0
2026-06-12T01:24:13Z,bugfix-csv-quoting,bugfix,haiku,2,1,0.10045489999999999,31,10,0
2026-06-12T01:25:01Z,bugfix-csv-quoting,bugfix,haiku,3,1,0.11542510000000002,48,11,0
2026-06-12T01:26:44Z,bugfix-date-rollover,bugfix,haiku,1,1,0.2202278,103,20,0
2026-06-12T01:28:16Z,bugfix-date-rollover,bugfix,haiku,2,1,0.21673360000000003,92,22,0
2026-06-12T01:29:49Z,bugfix-date-rollover,bugfix,haiku,3,1,0.21812639999999997,93,21,0
2026-06-12T01:30:29Z,bugfix-rate-limiter,bugfix,haiku,1,1,0.10303100000000003,39,10,0
2026-06-12T01:35:44Z,bugfix-rate-limiter,bugfix,haiku,2,1,0.16663690000000006,315,19,0
2026-06-12T01:36:35Z,bugfix-rate-limiter,bugfix,haiku,3,1,0.13605389999999998,51,13,0
2026-06-12T01:38:39Z,continuity-drift-investigation,continuity,haiku,1,1,0.308068,124,35,0
2026-06-12T01:40:34Z,continuity-drift-investigation,continuity,haiku,2,1,0.321173,114,38,0
2026-06-12T01:42:37Z,continuity-drift-investigation,continuity,haiku,3,1,0.381659,123,47,0
2026-06-12T01:49:34Z,continuity-staged-build,continuity,haiku,1,1,0.776217,417,57,0
2026-06-12T01:55:25Z,continuity-staged-build,continuity,haiku,2,0,0.709769,350,59,0
2026-06-12T02:00:46Z,continuity-staged-build,continuity,haiku,3,1,0.62509,321,49,0
2026-06-12T02:01:54Z,feature-config-merge,feature,haiku,1,1,0.1521073,68,11,0
2026-06-12T02:02:56Z,feature-config-merge,feature,haiku,2,1,0.15060199999999999,62,12,0
2026-06-12T02:03:57Z,feature-config-merge,feature,haiku,3,1,0.1625841,61,14,0
2026-06-12T02:05:47Z,feature-pagination,feature,haiku,1,1,0.2297168,110,21,0
2026-06-12T02:07:29Z,feature-pagination,feature,haiku,2,1,0.2368695,101,23,0
2026-06-12T02:08:36Z,feature-pagination,feature,haiku,3,1,0.1319939,67,11,0
2026-06-12T02:09:36Z,feature-retry-backoff,feature,haiku,1,1,0.14646109999999998,59,12,0
2026-06-12T02:10:27Z,feature-retry-backoff,feature,haiku,2,1,0.13940889999999997,51,13,0
2026-06-12T02:11:15Z,feature-retry-backoff,feature,haiku,3,1,0.1337743,47,12,0
2026-06-12T02:13:16Z,feature-slugify,feature,haiku,1,1,0.31005249999999995,120,30,0
2026-06-12T02:14:31Z,feature-slugify,feature,haiku,2,1,0.18361669999999994,75,17,0
2026-06-12T02:15:34Z,feature-slugify,feature,haiku,3,1,0.16957870000000003,63,16,0
2026-06-12T02:20:30Z,hard-discount-engine,hard,haiku,1,1,0.7249022,296,53,0
2026-06-12T02:25:39Z,hard-discount-engine,hard,haiku,2,1,0.7178802000000001,309,53,0
2026-06-12T02:30:27Z,hard-discount-engine,hard,haiku,3,1,0.6357366999999998,288,46,0
2026-06-12T02:33:41Z,hard-mini-interpreter,hard,haiku,1,1,0.49683279999999985,194,48,0
2026-06-12T02:36:33Z,hard-mini-interpreter,hard,haiku,2,1,0.4064339,171,30,0
2026-06-12T02:38:32Z,hard-mini-interpreter,hard,haiku,3,1,0.28067100000000006,119,23,0
2026-06-12T02:39:17Z,hard-regression-minefield,hard,haiku,1,1,0.13980339999999997,45,19,0
2026-06-12T02:39:52Z,hard-regression-minefield,hard,haiku,2,1,0.1013118,35,15,0
2026-06-12T02:40:29Z,hard-regression-minefield,hard,haiku,3,1,0.12751289999999998,37,17,0
2026-06-12T02:41:14Z,longhorizon-migration,longhorizon,haiku,1,1,0.1349938,45,20,0
2026-06-12T02:42:04Z,longhorizon-migration,longhorizon,haiku,2,1,0.1408152,50,21,0
2026-06-12T02:42:58Z,longhorizon-migration,longhorizon,haiku,3,1,0.16230060000000002,53,23,0
2026-06-12T02:43:35Z,longhorizon-pipeline,longhorizon,haiku,1,1,0.1064308,37,9,0
2026-06-12T02:44:17Z,longhorizon-pipeline,longhorizon,haiku,2,1,0.11226190000000003,42,10,0
2026-06-12T02:45:09Z,longhorizon-pipeline,longhorizon,haiku,3,1,0.1232055,52,11,0
2026-06-12T02:45:33Z,refactor-dedupe-handlers,refactor,haiku,1,1,0.0865284,23,7,0
2026-06-12T02:46:00Z,refactor-dedupe-handlers,refactor,haiku,2,1,0.0871815,26,7,0
2026-06-12T02:46:33Z,refactor-dedupe-handlers,refactor,haiku,3,1,0.09352550000000001,33,8,0
2026-06-12T02:47:26Z,refactor-extract-storage,refactor,haiku,1,1,0.1375847,52,17,0
2026-06-12T02:48:03Z,refactor-extract-storage,refactor,haiku,2,1,0.1128764,37,11,0
2026-06-12T02:48:49Z,refactor-extract-storage,refactor,haiku,3,1,0.1318665,46,15,0
2026-06-12T02:50:12Z,bugfix-cache-ttl,bugfix,haiku-plugin,1,1,0.16532560000000002,41,11,0
2026-06-12T02:50:53Z,bugfix-cache-ttl,bugfix,haiku-plugin,2,1,0.1137359,41,11,0
2026-06-12T02:51:36Z,bugfix-cache-ttl,bugfix,haiku-plugin,3,1,0.10925770000000001,43,10,0
2026-06-12T02:52:08Z,bugfix-csv-quoting,bugfix,haiku-plugin,1,1,0.11002630000000001,32,10,0
2026-06-12T02:52:52Z,bugfix-csv-quoting,bugfix,haiku-plugin,2,1,0.1224518,43,12,0
2026-06-12T02:53:33Z,bugfix-csv-quoting,bugfix,haiku-plugin,3,1,0.11272,41,10,0
2026-06-12T02:54:12Z,bugfix-date-rollover,bugfix,haiku-plugin,1,1,0.1123375,38,10,0
2026-06-12T02:54:44Z,bugfix-date-rollover,bugfix,haiku-plugin,2,1,0.1010809,32,8,0
2026-06-12T02:56:40Z,bugfix-date-rollover,bugfix,haiku-plugin,3,1,0.25397230000000004,116,25,0
2026-06-12T02:57:16Z,bugfix-rate-limiter,bugfix,haiku-plugin,1,1,0.1068423,36,10,0
2026-06-12T02:58:03Z,bugfix-rate-limiter,bugfix,haiku-plugin,2,1,0.10941979999999998,46,10,0
2026-06-12T02:58:31Z,bugfix-rate-limiter,bugfix,haiku-plugin,3,1,0.0942166,28,8,0
2026-06-12T03:00:17Z,continuity-drift-investigation,continuity,haiku-plugin,1,1,0.28529,106,32,0
2026-06-12T03:02:27Z,continuity-drift-investigation,continuity,haiku-plugin,2,1,0.347185,129,38,0
2026-06-12T03:04:44Z,continuity-drift-investigation,continuity,haiku-plugin,3,1,0.375366,137,42,0
2026-06-12T03:11:08Z,continuity-staged-build,continuity,haiku-plugin,1,1,0.756878,384,55,0
2026-06-12T03:15:04Z,continuity-staged-build,continuity,haiku-plugin,2,1,0.515888,235,43,0
2026-06-12T03:19:50Z,continuity-staged-build,continuity,haiku-plugin,3,1,0.585569,286,45,0
2026-06-12T03:21:00Z,feature-config-merge,feature,haiku-plugin,1,1,0.1721768,69,13,0
2026-06-12T03:22:12Z,feature-config-merge,feature,haiku-plugin,2,1,0.17440029999999998,72,16,0
2026-06-12T03:23:23Z,feature-config-merge,feature,haiku-plugin,3,1,0.17552199999999998,71,14,0
2026-06-12T03:24:28Z,feature-pagination,feature,haiku-plugin,1,1,0.15978769999999998,65,13,0
2026-06-12T03:25:24Z,feature-pagination,feature,haiku-plugin,2,1,0.146406,55,12,0
2026-06-12T03:26:22Z,feature-pagination,feature,haiku-plugin,3,1,0.17295280000000002,58,16,0
2026-06-12T03:27:13Z,feature-retry-backoff,feature,haiku-plugin,1,1,0.13117009999999998,50,10,0
2026-06-12T03:28:02Z,feature-retry-backoff,feature,haiku-plugin,2,1,0.13618919999999998,49,11,0
2026-06-12T03:29:08Z,feature-retry-backoff,feature,haiku-plugin,3,1,0.1596237,66,13,0
2026-06-12T03:30:05Z,feature-slugify,feature,haiku-plugin,1,1,0.1482732,56,15,0
2026-06-12T03:31:23Z,feature-slugify,feature,haiku-plugin,2,1,0.2031559,78,18,0
2026-06-12T03:32:29Z,feature-slugify,feature,haiku-plugin,3,1,0.18849080000000001,65,16,0
2026-06-12T03:37:10Z,hard-discount-engine,hard,haiku-plugin,1,1,0.6317040000000003,281,53,0
2026-06-12T03:41:44Z,hard-discount-engine,hard,haiku-plugin,2,1,0.6895978,272,50,0
2026-06-12T03:48:27Z,hard-discount-engine,hard,haiku-plugin,3,1,1.0418528999999999,402,89,0
2026-06-12T03:52:46Z,hard-mini-interpreter,hard,haiku-plugin,1,1,0.6338872000000001,258,66,0
2026-06-12T03:56:49Z,hard-mini-interpreter,hard,haiku-plugin,2,1,0.6173649999999999,243,56,0
2026-06-12T03:59:56Z,hard-mini-interpreter,hard,haiku-plugin,3,1,0.43719080000000005,186,35,0
2026-06-12T04:00:46Z,hard-regression-minefield,hard,haiku-plugin,1,1,0.1346214,50,17,0
2026-06-12T04:01:41Z,hard-regression-minefield,hard,haiku-plugin,2,1,0.17297570000000004,55,19,0
2026-06-12T04:02:34Z,hard-regression-minefield,hard,haiku-plugin,3,1,0.163327,53,18,0
2026-06-12T04:03:23Z,longhorizon-migration,longhorizon,haiku-plugin,1,1,0.1276971,48,17,0
2026-06-12T04:04:10Z,longhorizon-migration,longhorizon,haiku-plugin,2,1,0.1364573,46,19,0
2026-06-12T04:05:24Z,longhorizon-migration,longhorizon,haiku-plugin,3,1,0.1911592,74,28,0
2026-06-12T04:06:14Z,longhorizon-pipeline,longhorizon,haiku-plugin,1,1,0.1302671,50,9,0
2026-06-12T04:07:12Z,longhorizon-pipeline,longhorizon,haiku-plugin,2,1,0.1503046,57,13,0
2026-06-12T04:07:56Z,longhorizon-pipeline,longhorizon,haiku-plugin,3,1,0.12096370000000001,43,10,0
2026-06-12T04:08:26Z,refactor-dedupe-handlers,refactor,haiku-plugin,1,1,0.1017948,30,9,0
2026-06-12T04:09:07Z,refactor-dedupe-handlers,refactor,haiku-plugin,2,1,0.1126536,40,10,0
2026-06-12T04:09:35Z,refactor-dedupe-handlers,refactor,haiku-plugin,3,1,0.09819270000000001,27,8,0
2026-06-12T04:10:10Z,refactor-extract-storage,refactor,haiku-plugin,1,1,0.10513730000000002,35,9,0
2026-06-12T04:10:47Z,refactor-extract-storage,refactor,haiku-plugin,2,1,0.1162266,37,11,0
2026-06-12T04:11:26Z,refactor-extract-storage,refactor,haiku-plugin,3,1,0.12087780000000001,39,12,0
2026-06-12T04:12:06Z,bugfix-cache-ttl,bugfix,sonnet-plugin,1,1,0.34811279999999994,39,7,0
2026-06-12T04:13:02Z,bugfix-cache-ttl,bugfix,sonnet-plugin,2,1,0.2254386,56,7,0
2026-06-12T04:13:33Z,bugfix-cache-ttl,bugfix,sonnet-plugin,3,1,0.1829265,31,6,0
2026-06-12T04:14:11Z,bugfix-csv-quoting,bugfix,sonnet-plugin,1,1,0.2257344,37,7,0
2026-06-12T04:14:48Z,bugfix-csv-quoting,bugfix,sonnet-plugin,2,1,0.2362977,36,8,0
2026-06-12T04:15:31Z,bugfix-csv-quoting,bugfix,sonnet-plugin,3,1,0.24264270000000004,43,8,0
2026-06-12T04:16:18Z,bugfix-date-rollover,bugfix,sonnet-plugin,1,1,0.25296450000000004,47,8,0
2026-06-12T04:17:06Z,bugfix-date-rollover,bugfix,sonnet-plugin,2,1,0.2536056,47,8,0
2026-06-12T04:17:54Z,bugfix-date-rollover,bugfix,sonnet-plugin,3,1,0.25946969999999997,48,8,0
2026-06-12T04:18:54Z,bugfix-rate-limiter,bugfix,sonnet-plugin,1,1,0.2333232,59,7,0
2026-06-12T04:19:45Z,bugfix-rate-limiter,bugfix,sonnet-plugin,2,1,0.2262162,51,7,0
2026-06-12T04:20:30Z,bugfix-rate-limiter,bugfix,sonnet-plugin,3,1,0.21020279999999997,45,7,0
2026-06-12T04:22:35Z,continuity-drift-investigation,continuity,sonnet-plugin,1,1,0.55663,124,30,0
2026-06-12T04:25:09Z,continuity-drift-investigation,continuity,sonnet-plugin,2,1,0.647709,154,32,0
2026-06-12T04:27:11Z,continuity-drift-investigation,continuity,sonnet-plugin,3,1,0.571097,122,28,0
2026-06-12T04:31:03Z,continuity-staged-build,continuity,sonnet-plugin,1,1,0.757142,231,21,0
2026-06-12T04:35:14Z,continuity-staged-build,continuity,sonnet-plugin,2,1,0.764082,251,20,0
2026-06-12T04:38:40Z,continuity-staged-build,continuity,sonnet-plugin,3,1,0.684774,206,18,0
2026-06-12T04:39:57Z,feature-config-merge,feature,sonnet-plugin,1,1,0.2880879,76,8,0
2026-06-12T04:40:54Z,feature-config-merge,feature,sonnet-plugin,2,1,0.2558979,57,8,0
2026-06-12T04:42:10Z,feature-config-merge,feature,sonnet-plugin,3,1,0.3139407,75,8,0
2026-06-12T04:44:05Z,feature-pagination,feature,sonnet-plugin,1,1,0.408369,114,13,0
2026-06-12T04:45:26Z,feature-pagination,feature,sonnet-plugin,2,1,0.29733239999999994,81,9,0
2026-06-12T04:46:37Z,feature-pagination,feature,sonnet-plugin,3,1,0.29546429999999996,71,9,0
2026-06-12T04:47:32Z,feature-retry-backoff,feature,sonnet-plugin,1,1,0.2513868,55,8,0
2026-06-12T04:48:21Z,feature-retry-backoff,feature,sonnet-plugin,2,1,0.23874060000000003,48,8,0
2026-06-12T04:49:52Z,feature-retry-backoff,feature,sonnet-plugin,3,1,0.33248009999999995,91,8,0
2026-06-12T04:52:47Z,feature-slugify,feature,sonnet-plugin,1,1,0.4577595,175,10,0
2026-06-12T04:54:44Z,feature-slugify,feature,sonnet-plugin,2,1,0.3623778,117,11,0
2026-06-12T04:56:17Z,feature-slugify,feature,sonnet-plugin,3,1,0.3239973,93,8,0
2026-06-12T05:04:00Z,hard-discount-engine,hard,sonnet-plugin,1,1,0.9679344,463,11,0
2026-06-12T05:13:06Z,hard-discount-engine,hard,sonnet-plugin,2,1,1.2065285999999997,545,15,0
2026-06-12T05:20:28Z,hard-discount-engine,hard,sonnet-plugin,3,1,0.9951477,442,13,0
2026-06-12T05:28:24Z,hard-mini-interpreter,hard,sonnet-plugin,1,1,1.0437170999999998,475,11,0
2026-06-12T05:33:54Z,hard-mini-interpreter,hard,sonnet-plugin,2,1,0.7668084000000001,330,10,0
2026-06-12T05:40:29Z,hard-mini-interpreter,hard,sonnet-plugin,3,1,0.9562653,395,11,0
2026-06-12T05:41:14Z,hard-regression-minefield,hard,sonnet-plugin,1,1,0.2500263,45,11,0
2026-06-12T05:42:07Z,hard-regression-minefield,hard,sonnet-plugin,2,1,0.2575563,53,11,0
2026-06-12T05:42:57Z,hard-regression-minefield,hard,sonnet-plugin,3,1,0.2519598,50,11,0
2026-06-12T05:43:43Z,longhorizon-migration,longhorizon,sonnet-plugin,1,1,0.2614734,45,13,0
2026-06-12T05:44:45Z,longhorizon-migration,longhorizon,sonnet-plugin,2,1,0.32033760000000006,61,15,0
2026-06-12T05:45:37Z,longhorizon-migration,longhorizon,sonnet-plugin,3,1,0.30902430000000003,51,14,0
2026-06-12T05:46:21Z,longhorizon-pipeline,longhorizon,sonnet-plugin,1,1,0.2074344,44,6,0
2026-06-12T05:47:07Z,longhorizon-pipeline,longhorizon,sonnet-plugin,2,1,0.22402709999999998,46,6,0
2026-06-12T05:47:58Z,longhorizon-pipeline,longhorizon,sonnet-plugin,3,1,0.2149428,51,6,0
2026-06-12T05:48:31Z,refactor-dedupe-handlers,refactor,sonnet-plugin,1,1,0.18885389999999996,33,6,0
2026-06-12T05:49:00Z,refactor-dedupe-handlers,refactor,sonnet-plugin,2,1,0.1860648,28,6,0
2026-06-12T05:49:27Z,refactor-dedupe-handlers,refactor,sonnet-plugin,3,1,0.18307410000000002,27,6,0
2026-06-12T05:51:05Z,refactor-extract-storage,refactor,sonnet-plugin,2,1,0.24775469999999997,49,8,0
2026-06-12T05:54:18Z,refactor-extract-storage,refactor,sonnet-plugin,1,1,0.2392047,43,8,0
2026-06-12T05:55:12Z,refactor-extract-storage,refactor,sonnet-plugin,3,1,0.2456103,54,8,0
2026-06-12T08:34:55Z,bugfix-cache-ttl,bugfix,fable-plugin,1,1,1.853003,80,9,0
2026-06-12T08:36:16Z,bugfix-cache-ttl,bugfix,fable-plugin,2,1,1.24976,81,9,0
2026-06-12T08:37:32Z,bugfix-cache-ttl,bugfix,fable-plugin,3,1,1.279201,76,9,0
2026-06-12T08:38:40Z,bugfix-csv-quoting,bugfix,fable-plugin,1,1,1.231793,68,9,0
2026-06-12T08:39:45Z,bugfix-csv-quoting,bugfix,fable-plugin,2,1,1.182561,64,9,0
2026-06-12T08:40:30Z,bugfix-csv-quoting,bugfix,fable-plugin,3,1,0.8791220000000001,45,5,0
2026-06-12T08:41:58Z,bugfix-date-rollover,bugfix,fable-plugin,1,1,1.4198629999999999,88,11,0
2026-06-12T08:43:19Z,bugfix-date-rollover,bugfix,fable-plugin,2,1,1.292287,80,9,0
2026-06-12T08:44:14Z,bugfix-date-rollover,bugfix,fable-plugin,3,1,0.9807130000000001,55,6,0
2026-06-12T08:45:29Z,bugfix-rate-limiter,bugfix,fable-plugin,1,1,1.251876,74,9,0
2026-06-12T08:47:00Z,bugfix-rate-limiter,bugfix,fable-plugin,2,1,1.2525439999999999,91,9,0
2026-06-12T08:48:05Z,bugfix-rate-limiter,bugfix,fable-plugin,3,1,1.214238,65,9,0
2026-06-12T08:50:24Z,continuity-drift-investigation,continuity,fable-plugin,1,1,2.52077,138,26,0
2026-06-12T08:53:22Z,continuity-drift-investigation,continuity,fable-plugin,2,1,2.85061,178,30,0
2026-06-12T08:55:50Z,continuity-drift-investigation,continuity,fable-plugin,3,1,2.78193,147,31,0
2026-06-12T09:00:51Z,continuity-staged-build,continuity,fable-plugin,1,1,4.28179,301,27,0
2026-06-12T09:06:44Z,continuity-staged-build,continuity,fable-plugin,2,1,4.98634,353,33,0
2026-06-12T09:12:33Z,continuity-staged-build,continuity,fable-plugin,3,1,5.02078,349,31,0
2026-06-12T09:13:55Z,feature-config-merge,feature,fable-plugin,1,1,1.2921400000000003,82,10,0
2026-06-12T09:15:08Z,feature-config-merge,feature,fable-plugin,2,1,1.126993,73,7,0
2026-06-12T09:16:11Z,feature-config-merge,feature,fable-plugin,3,1,1.096624,63,7,0
2026-06-12T09:18:02Z,feature-pagination,feature,fable-plugin,1,1,1.5764719999999999,111,12,0
2026-06-12T09:19:57Z,feature-pagination,feature,fable-plugin,2,1,1.6526360000000002,115,13,0
2026-06-12T09:21:27Z,feature-pagination,feature,fable-plugin,3,1,1.385912,90,10,0
2026-06-12T09:23:12Z,feature-retry-backoff,feature,fable-plugin,1,1,1.6728950000000002,103,14,0
2026-06-12T09:24:56Z,feature-retry-backoff,feature,fable-plugin,2,1,1.5448780000000002,104,11,0
2026-06-12T09:26:49Z,feature-retry-backoff,feature,fable-plugin,3,1,1.6152509999999998,112,14,0
2026-06-12T09:28:38Z,feature-slugify,feature,fable-plugin,1,1,1.6078100000000002,109,11,0
2026-06-12T09:30:11Z,feature-slugify,feature,fable-plugin,2,1,1.297025,92,8,0
2026-06-12T09:33:16Z,feature-slugify,feature,fable-plugin,3,1,2.0096920000000003,184,11,0
2026-06-12T09:36:52Z,hard-discount-engine,hard,fable-plugin,1,1,2.197125,216,7,0
2026-06-12T09:43:09Z,hard-discount-engine,hard,fable-plugin,2,1,4.28943,377,12,0
2026-06-12T09:50:58Z,hard-discount-engine,hard,fable-plugin,3,1,4.3165024999999995,469,9,0
2026-06-12T09:54:21Z,hard-mini-interpreter,hard,fable-plugin,1,1,2.3435859999999997,203,11,0
2026-06-12T09:57:37Z,hard-mini-interpreter,hard,fable-plugin,2,1,2.044312,196,8,0
2026-06-12T10:00:21Z,hard-mini-interpreter,hard,fable-plugin,3,1,1.8030619999999997,164,8,0
2026-06-12T10:01:09Z,hard-regression-minefield,hard,fable-plugin,1,1,0.9834169999999999,46,10,0
2026-06-12T10:01:57Z,hard-regression-minefield,hard,fable-plugin,2,1,0.986527,48,10,0
2026-06-12T10:02:37Z,hard-regression-minefield,hard,fable-plugin,3,1,0.9567270000000001,40,10,0
2026-06-12T10:04:11Z,longhorizon-migration,longhorizon,fable-plugin,1,1,1.425005,94,15,0
2026-06-12T10:05:09Z,longhorizon-migration,longhorizon,fable-plugin,2,1,1.399811,58,15,0
2026-06-12T10:06:34Z,longhorizon-migration,longhorizon,fable-plugin,3,1,1.4248779999999999,85,15,0
2026-06-12T10:07:54Z,longhorizon-pipeline,longhorizon,fable-plugin,1,1,1.1853609999999999,80,7,0
2026-06-12T10:09:09Z,longhorizon-pipeline,longhorizon,fable-plugin,2,1,1.1435060000000001,75,7,0
2026-06-12T10:10:14Z,longhorizon-pipeline,longhorizon,fable-plugin,3,1,1.096379,65,7,0
2026-06-12T10:10:41Z,refactor-dedupe-handlers,refactor,fable-plugin,1,1,0.853332,27,5,0
2026-06-12T10:11:15Z,refactor-dedupe-handlers,refactor,fable-plugin,2,1,0.8554710000000001,34,5,0
2026-06-12T10:11:55Z,refactor-dedupe-handlers,refactor,fable-plugin,3,1,0.8572569999999999,40,5,0
2026-06-12T10:12:54Z,refactor-extract-storage,refactor,fable-plugin,1,1,1.024707,59,8,0
2026-06-12T10:13:34Z,refactor-extract-storage,refactor,fable-plugin,2,1,0.9205139999999999,40,7,0
2026-06-12T10:14:18Z,refactor-extract-storage,refactor,fable-plugin,3,1,0.9348400000000001,44,7,0
